System_Name,A1_atom,B1_atom,A2_atom,B2_atom,gllbsc_ind_gap
AgNbLaAlO6,Ag,Nb,La,Al,4.1645432
AgNbLaGaO6,Ag,Nb,La,Ga,4.454628775
AgNbSnTiO6,Ag,Nb,Sn,Ti,2.8812394080000003
AgTaBaSnO6,Ag,Ta,Ba,Sn,4.115527804
AgTaBaTiO6,Ag,Ta,Ba,Ti,3.65187538
AgTaCaGeO6,Ag,Ta,Ca,Ge,4.596741977
AgTaCaSnO6,Ag,Ta,Ca,Sn,4.567418298
AgTaCsNbO6,Ag,Ta,Cs,Nb,3.257419299
AgTaCsVO6,Ag,Ta,Cs,V,2.169553701
AgTaGaNbO6,Ag,Ta,Ga,Nb,1.784718332
AgTaGaTaO6,Ag,Ta,Ga,Ta,2.285462409
AgTaKNbO6,Ag,Ta,K,Nb,3.43280078
AgTaKSbO6,Ag,Ta,K,Sb,4.2534372860000005
AgTaLaAlO6,Ag,Ta,La,Al,4.544527043
AgTaLaGaO6,Ag,Ta,La,Ga,4.428479438
AgTaLaInO6,Ag,Ta,La,In,4.598427211000001
AgTaLiNbO6,Ag,Ta,Li,Nb,3.554350261
AgTaLiVO6,Ag,Ta,Li,V,1.6618566259999998
AgTaMgTiO6,Ag,Ta,Mg,Ti,4.541470588
AgTaNaSbO6,Ag,Ta,Na,Sb,4.383274568
AgTaPbHfO6,Ag,Ta,Pb,Hf,4.468824182
AgTaPbTiO6,Ag,Ta,Pb,Ti,3.806312329
AgTaRbNbO6,Ag,Ta,Rb,Nb,3.3720197539999996
AgTaSnHfO6,Ag,Ta,Sn,Hf,3.6760993760000003
AgTaSnTiO6,Ag,Ta,Sn,Ti,3.280047217
AgTaSnZrO6,Ag,Ta,Sn,Zr,3.6719610489999996
AgTaSrGeO6,Ag,Ta,Sr,Ge,4.5444283830000005
AgTaSrSiO6,Ag,Ta,Sr,Si,4.6922181389999995
AgTaSrSnO6,Ag,Ta,Sr,Sn,4.170643623
AgTaSrTiO6,Ag,Ta,Sr,Ti,3.79098509
AgTaYAlO6,Ag,Ta,Y,Al,4.914572548
BaHfAgNbO6,Ba,Hf,Ag,Nb,4.078047088
BaHfAgTaO6,Ba,Hf,Ag,Ta,4.189891965
BaHfBaSnO6,Ba,Hf,Ba,Sn,6.081554917999999
BaHfBaTiO6,Ba,Hf,Ba,Ti,4.617955975
BaHfBaZrO6,Ba,Hf,Ba,Zr,6.343123966
BaHfCaGeO6,Ba,Hf,Ca,Ge,6.3500809170000005
BaHfCaSiO6,Ba,Hf,Ca,Si,7.124555422
BaHfCaSnO6,Ba,Hf,Ca,Sn,6.149864419
BaHfCaTiO6,Ba,Hf,Ca,Ti,4.881718641
BaHfCaZrO6,Ba,Hf,Ca,Zr,6.793831407000001
BaHfCsNbO6,Ba,Hf,Cs,Nb,4.17192157
BaHfCsTaO6,Ba,Hf,Cs,Ta,4.954141388
BaHfCsVO6,Ba,Hf,Cs,V,2.0240827759999998
BaHfGaTaO6,Ba,Hf,Ga,Ta,3.468891843
BaHfInNbO6,Ba,Hf,In,Nb,1.490876326
BaHfInTaO6,Ba,Hf,In,Ta,2.148573734
BaHfKSbO6,Ba,Hf,K,Sb,5.319984256000001
BaHfKTaO6,Ba,Hf,K,Ta,5.043565766
BaHfLaAlO6,Ba,Hf,La,Al,6.842296397
BaHfLaGaO6,Ba,Hf,La,Ga,7.087096037999999
BaHfLaInO6,Ba,Hf,La,In,6.388361955
BaHfLaScO6,Ba,Hf,La,Sc,7.259237807000001
BaHfLiVO6,Ba,Hf,Li,V,1.950932284
BaHfMgTiO6,Ba,Hf,Mg,Ti,5.157325978
BaHfMgZrO6,Ba,Hf,Mg,Zr,7.180769915
BaHfNaNbO6,Ba,Hf,Na,Nb,4.323594526
BaHfNaTaO6,Ba,Hf,Na,Ta,5.133972612
BaHfNaVO6,Ba,Hf,Na,V,1.943310423
BaHfPbHfO6,Ba,Hf,Pb,Hf,5.861282859
BaHfPbTiO6,Ba,Hf,Pb,Ti,4.716210837
BaHfPbZrO6,Ba,Hf,Pb,Zr,5.798471802000001
BaHfRbNbO6,Ba,Hf,Rb,Nb,4.19891716
BaHfRbTaO6,Ba,Hf,Rb,Ta,4.999203073
BaHfSnHfO6,Ba,Hf,Sn,Hf,5.154654591
BaHfSnTiO6,Ba,Hf,Sn,Ti,4.117831884
BaHfSnZrO6,Ba,Hf,Sn,Zr,5.129260058
BaHfSrHfO6,Ba,Hf,Sr,Hf,6.703417504
BaHfSrSiO6,Ba,Hf,Sr,Si,7.1006223870000005
BaHfSrSnO6,Ba,Hf,Sr,Sn,6.260326191
BaHfSrTiO6,Ba,Hf,Sr,Ti,4.711382223
BaHfTlNbO6,Ba,Hf,Tl,Nb,2.787349496
BaHfTlTaO6,Ba,Hf,Tl,Ta,3.519530094
BaHfYAlO6,Ba,Hf,Y,Al,7.467627553
BaSnAgNbO6,Ba,Sn,Ag,Nb,4.196255316
BaSnBaTiO6,Ba,Sn,Ba,Ti,4.610173391
BaSnCaGeO6,Ba,Sn,Ca,Ge,2.613094084
BaSnCaSiO6,Ba,Sn,Ca,Si,3.328665599
BaSnCaTiO6,Ba,Sn,Ca,Ti,4.634935362
BaSnLaAlO6,Ba,Sn,La,Al,5.229700982
BaSnLaGaO6,Ba,Sn,La,Ga,3.753770355
BaSnLiNbO6,Ba,Sn,Li,Nb,4.9853449119999995
BaSnLiVO6,Ba,Sn,Li,V,2.187158914
BaSnMgTiO6,Ba,Sn,Mg,Ti,4.682433617
BaSnMgZrO6,Ba,Sn,Mg,Zr,5.534709007999999
BaSnNaNbO6,Ba,Sn,Na,Nb,4.950429901000001
BaSnNaVO6,Ba,Sn,Na,V,2.182041303
BaSnSnTiO6,Ba,Sn,Sn,Ti,4.156500556
BaSnSrGeO6,Ba,Sn,Sr,Ge,1.902720005
BaSnSrSiO6,Ba,Sn,Sr,Si,3.060194418
BaSnSrTiO6,Ba,Sn,Sr,Ti,4.845106688
BaTiAgNbO6,Ba,Ti,Ag,Nb,3.238934908
BaTiCaGeO6,Ba,Ti,Ca,Ge,4.544465348999999
BaTiCaSiO6,Ba,Ti,Ca,Si,4.314413855
BaTiCaSnO6,Ba,Ti,Ca,Sn,4.63511974
BaTiCaTiO6,Ba,Ti,Ca,Ti,3.834829908
BaTiCsNbO6,Ba,Ti,Cs,Nb,3.933396345
BaTiCsVO6,Ba,Ti,Cs,V,2.387688728
BaTiLaGaO6,Ba,Ti,La,Ga,5.227039321
BaTiLaInO6,Ba,Ti,La,In,5.084089538
BaTiLiNbO6,Ba,Ti,Li,Nb,3.463015828
BaTiLiVO6,Ba,Ti,Li,V,2.517040515
BaTiMgTiO6,Ba,Ti,Mg,Ti,4.287310033
BaTiMgZrO6,Ba,Ti,Mg,Zr,5.285884852
BaTiNaNbO6,Ba,Ti,Na,Nb,3.438581234
BaTiNaSbO6,Ba,Ti,Na,Sb,3.997105561
BaTiSnTiO6,Ba,Ti,Sn,Ti,2.851249888
BaTiSrGeO6,Ba,Ti,Sr,Ge,4.35844875
BaTiSrSiO6,Ba,Ti,Sr,Si,4.207262042
BaTiSrSnO6,Ba,Ti,Sr,Sn,4.859086368
BaTiSrTiO6,Ba,Ti,Sr,Ti,3.773082118
BaZrAgNbO6,Ba,Zr,Ag,Nb,4.048794437
BaZrBaTiO6,Ba,Zr,Ba,Ti,4.5863499160000005
BaZrCaSiO6,Ba,Zr,Ca,Si,6.6405902370000005
BaZrCaSnO6,Ba,Zr,Ca,Sn,6.572670735
BaZrCaTiO6,Ba,Zr,Ca,Ti,4.883903763
BaZrCaZrO6,Ba,Zr,Ca,Zr,6.311282226
BaZrCsNbO6,Ba,Zr,Cs,Nb,4.1333263339999995
BaZrCsVO6,Ba,Zr,Cs,V,2.395969852
BaZrGaNbO6,Ba,Zr,Ga,Nb,2.741399812
BaZrGaTaO6,Ba,Zr,Ga,Ta,3.420362849
BaZrInNbO6,Ba,Zr,In,Nb,1.504016995
BaZrInTaO6,Ba,Zr,In,Ta,2.115610367
BaZrKNbO6,Ba,Zr,K,Nb,4.192233183
BaZrKSbO6,Ba,Zr,K,Sb,5.244987496
BaZrKTaO6,Ba,Zr,K,Ta,4.946851271
BaZrLaGaO6,Ba,Zr,La,Ga,6.8013439920000005
BaZrLaScO6,Ba,Zr,La,Sc,6.949118842000001
BaZrLiNbO6,Ba,Zr,Li,Nb,4.294253113
BaZrLiTaO6,Ba,Zr,Li,Ta,5.060782046
BaZrLiVO6,Ba,Zr,Li,V,1.9711694869999998
BaZrMgTiO6,Ba,Zr,Mg,Ti,5.3890812210000005
BaZrMgZrO6,Ba,Zr,Mg,Zr,6.96083831
BaZrNaNbO6,Ba,Zr,Na,Nb,4.270644268
BaZrNaSbO6,Ba,Zr,Na,Sb,5.526897152999999
BaZrNaTaO6,Ba,Zr,Na,Ta,5.030675991
BaZrNaVO6,Ba,Zr,Na,V,1.958775816
BaZrPbHfO6,Ba,Zr,Pb,Hf,5.798203095
BaZrPbTiO6,Ba,Zr,Pb,Ti,4.688503642
BaZrRbNbO6,Ba,Zr,Rb,Nb,4.158490708
BaZrRbTaO6,Ba,Zr,Rb,Ta,4.904996208
BaZrSnHfO6,Ba,Zr,Sn,Hf,5.129425153
BaZrSnTiO6,Ba,Zr,Sn,Ti,4.11156648
BaZrSnZrO6,Ba,Zr,Sn,Zr,5.112918696
BaZrSrGeO6,Ba,Zr,Sr,Ge,6.035786095
BaZrSrSiO6,Ba,Zr,Sr,Si,6.576553007999999
BaZrSrSnO6,Ba,Zr,Sr,Sn,6.428286699
BaZrSrTiO6,Ba,Zr,Sr,Ti,4.67649105
BaZrSrZrO6,Ba,Zr,Sr,Zr,6.259867326
BaZrTlNbO6,Ba,Zr,Tl,Nb,2.79832233
BaZrTlTaO6,Ba,Zr,Tl,Ta,3.4804674280000003
BaZrYAlO6,Ba,Zr,Y,Al,7.104402829
CaGeAgNbO6,Ca,Ge,Ag,Nb,4.220841195
CaGeCaSiO6,Ca,Ge,Ca,Si,4.1712783589999995
CaGeCaSnO6,Ca,Ge,Ca,Sn,3.5038532210000004
CaGeCaTiO6,Ca,Ge,Ca,Ti,4.802428919
CaGeLaAlO6,Ca,Ge,La,Al,5.708900913
CaGeLaGaO6,Ca,Ge,La,Ga,4.068071283
CaGeLaInO6,Ca,Ge,La,In,4.288775178
CaGeMgTiO6,Ca,Ge,Mg,Ti,5.224069822
CaGeSnTiO6,Ca,Ge,Sn,Ti,3.350439602
CaGeYAlO6,Ca,Ge,Y,Al,6.231533057
CaHfAgNbO6,Ca,Hf,Ag,Nb,4.219675653
CaHfAgTaO6,Ca,Hf,Ag,Ta,5.065212369
CaHfBaSnO6,Ca,Hf,Ba,Sn,6.318267248
CaHfBaTiO6,Ca,Hf,Ba,Ti,4.891229032
CaHfBaZrO6,Ca,Hf,Ba,Zr,6.78352084
CaHfCaGeO6,Ca,Hf,Ca,Ge,6.975336372
CaHfCaSiO6,Ca,Hf,Ca,Si,7.339484884
CaHfCaSnO6,Ca,Hf,Ca,Sn,6.545899417
CaHfCaTiO6,Ca,Hf,Ca,Ti,5.2391328
CaHfCaZrO6,Ca,Hf,Ca,Zr,7.0196559160000005
CaHfCsNbO6,Ca,Hf,Cs,Nb,4.18714751
CaHfCsVO6,Ca,Hf,Cs,V,2.234427829
CaHfGaNbO6,Ca,Hf,Ga,Nb,2.259002479
CaHfGaTaO6,Ca,Hf,Ga,Ta,3.12564489
CaHfInNbO6,Ca,Hf,In,Nb,1.4548589369999998
CaHfKNbO6,Ca,Hf,K,Nb,4.596569242
CaHfLaAlO6,Ca,Hf,La,Al,7.680848563
CaHfLaInO6,Ca,Hf,La,In,6.615394048
CaHfLaScO6,Ca,Hf,La,Sc,7.2861318110000015
CaHfLiNbO6,Ca,Hf,Li,Nb,4.85855487
CaHfLiVO6,Ca,Hf,Li,V,2.9394157539999997
CaHfMgTiO6,Ca,Hf,Mg,Ti,5.7570747010000005
CaHfMgZrO6,Ca,Hf,Mg,Zr,7.657304806
CaHfNaNbO6,Ca,Hf,Na,Nb,5.09102671
CaHfNaSbO6,Ca,Hf,Na,Sb,5.696946037999999
CaHfNaVO6,Ca,Hf,Na,V,2.576282825
CaHfPbHfO6,Ca,Hf,Pb,Hf,5.946077772000001
CaHfPbZrO6,Ca,Hf,Pb,Zr,5.663239448
CaHfRbNbO6,Ca,Hf,Rb,Nb,4.347730015
CaHfSnHfO6,Ca,Hf,Sn,Hf,5.099139427
CaHfSnTiO6,Ca,Hf,Sn,Ti,3.395877585
CaHfSnZrO6,Ca,Hf,Sn,Zr,4.960405248
CaHfSrGeO6,Ca,Hf,Sr,Ge,6.296526494
CaHfSrHfO6,Ca,Hf,Sr,Hf,7.245106988
CaHfSrSiO6,Ca,Hf,Sr,Si,7.311458271
CaHfSrSnO6,Ca,Hf,Sr,Sn,6.441396629
CaHfSrZrO6,Ca,Hf,Sr,Zr,7.258641193
CaHfTlNbO6,Ca,Hf,Tl,Nb,2.785946526
CaHfTlTaO6,Ca,Hf,Tl,Ta,3.488495574
CaHfYAlO6,Ca,Hf,Y,Al,8.019541754
CaSiCaSnO6,Ca,Si,Ca,Sn,4.523794734
CaSiCaTiO6,Ca,Si,Ca,Ti,4.563855278999999
CaSiLaAlO6,Ca,Si,La,Al,7.763296446
CaSiLaGaO6,Ca,Si,La,Ga,5.420695949
CaSiLaInO6,Ca,Si,La,In,5.447420817999999
CaSiMgTiO6,Ca,Si,Mg,Ti,4.905223459
CaSiSnTiO6,Ca,Si,Sn,Ti,2.549360828
CaSiYAlO6,Ca,Si,Y,Al,8.343255111
CaSnAgNbO6,Ca,Sn,Ag,Nb,3.845223245
CaSnCaTiO6,Ca,Sn,Ca,Ti,5.021395043
CaSnLaAlO6,Ca,Sn,La,Al,5.731598265
CaSnLaGaO6,Ca,Sn,La,Ga,4.421397112
CaSnLaInO6,Ca,Sn,La,In,4.332199336
CaSnSnTiO6,Ca,Sn,Sn,Ti,2.72801287
CaSnYAlO6,Ca,Sn,Y,Al,5.902973047000001
CaTiAgNbO6,Ca,Ti,Ag,Nb,3.399832758
CaTiLaGaO6,Ca,Ti,La,Ga,5.340395495
CaTiLaInO6,Ca,Ti,La,In,5.218969424
CaTiMgTiO6,Ca,Ti,Mg,Ti,4.786930752
CaTiSnTiO6,Ca,Ti,Sn,Ti,2.795444748
CaTiYAlO6,Ca,Ti,Y,Al,5.421790832
CaZrAgTaO6,Ca,Zr,Ag,Ta,5.00355801
CaZrBaSnO6,Ca,Zr,Ba,Sn,6.571947432999999
CaZrBaTiO6,Ca,Zr,Ba,Ti,4.941329535
CaZrCaGeO6,Ca,Zr,Ca,Ge,6.336280867
CaZrCaSiO6,Ca,Zr,Ca,Si,6.8915647610000015
CaZrCaSnO6,Ca,Zr,Ca,Sn,6.6880831610000016
CaZrGaNbO6,Ca,Zr,Ga,Nb,2.228163324
CaZrGaTaO6,Ca,Zr,Ga,Ta,3.014914456
CaZrInNbO6,Ca,Zr,In,Nb,1.4569442380000002
CaZrInTaO6,Ca,Zr,In,Ta,2.057918429
CaZrKNbO6,Ca,Zr,K,Nb,4.630967138
CaZrKSbO6,Ca,Zr,K,Sb,5.399489278
CaZrLaAlO6,Ca,Zr,La,Al,6.792712674
CaZrLaGaO6,Ca,Zr,La,Ga,6.915401065
CaZrLaInO6,Ca,Zr,La,In,6.732697601
CaZrLiNbO6,Ca,Zr,Li,Nb,5.120245746
CaZrLiVO6,Ca,Zr,Li,V,3.1207995210000004
CaZrMgTiO6,Ca,Zr,Mg,Ti,5.924793527
CaZrNaTaO6,Ca,Zr,Na,Ta,5.939519026
CaZrPbHfO6,Ca,Zr,Pb,Hf,5.966256092999999
CaZrPbZrO6,Ca,Zr,Pb,Zr,5.9217313129999996
CaZrRbNbO6,Ca,Zr,Rb,Nb,4.296312174
CaZrSnTiO6,Ca,Zr,Sn,Ti,3.5004286139999996
CaZrSrGeO6,Ca,Zr,Sr,Ge,6.114467667
CaZrSrHfO6,Ca,Zr,Sr,Hf,7.245451656
CaZrSrSiO6,Ca,Zr,Sr,Si,6.832765222999999
CaZrSrSnO6,Ca,Zr,Sr,Sn,6.724869435
CaZrSrTiO6,Ca,Zr,Sr,Ti,5.078140778
CaZrSrZrO6,Ca,Zr,Sr,Zr,6.802271822000001
CaZrTlNbO6,Ca,Zr,Tl,Nb,2.7110790639999998
CaZrTlTaO6,Ca,Zr,Tl,Ta,3.399255554
CaZrYAlO6,Ca,Zr,Y,Al,7.690766218999999
CsNbCaSiO6,Cs,Nb,Ca,Si,3.2449872460000004
CsNbCaTiO6,Cs,Nb,Ca,Ti,3.781984576
CsNbGaNbO6,Cs,Nb,Ga,Nb,1.5686715219999998
CsNbKNbO6,Cs,Nb,K,Nb,3.3713819989999996
CsNbLaAlO6,Cs,Nb,La,Al,3.9705509130000003
CsNbLaInO6,Cs,Nb,La,In,4.659075089
CsNbMgTiO6,Cs,Nb,Mg,Ti,3.70530303
CsNbNaSbO6,Cs,Nb,Na,Sb,3.475302498
CsNbPbHfO6,Cs,Nb,Pb,Hf,4.125761782
CsNbPbTiO6,Cs,Nb,Pb,Ti,3.806622078
CsNbSnHfO6,Cs,Nb,Sn,Hf,3.837245653
CsNbSnTiO6,Cs,Nb,Sn,Ti,2.9058316389999996
CsNbSrGeO6,Cs,Nb,Sr,Ge,3.6176362930000003
CsNbSrSiO6,Cs,Nb,Sr,Si,3.264936787
CsNbSrSnO6,Cs,Nb,Sr,Sn,4.520872076
CsNbSrTiO6,Cs,Nb,Sr,Ti,3.8729046310000004
CsNbTlNbO6,Cs,Nb,Tl,Nb,2.10377581
CsNbYAlO6,Cs,Nb,Y,Al,3.7243498219999998
CsTaAgNbO6,Cs,Ta,Ag,Nb,3.258149897
CsTaAgTaO6,Cs,Ta,Ag,Ta,3.808143901
CsTaBaSnO6,Cs,Ta,Ba,Sn,4.584905096
CsTaCaGeO6,Cs,Ta,Ca,Ge,4.184887473
CsTaCaSiO6,Cs,Ta,Ca,Si,4.136175518
CsTaCaTiO6,Cs,Ta,Ca,Ti,3.849509114
CsTaCaZrO6,Cs,Ta,Ca,Zr,4.972347834
CsTaCsVO6,Cs,Ta,Cs,V,2.139696775
CsTaKNbO6,Cs,Ta,K,Nb,3.29564536
CsTaKSbO6,Cs,Ta,K,Sb,3.598247689
CsTaLaAlO6,Cs,Ta,La,Al,4.790851813
CsTaLaGaO6,Cs,Ta,La,Ga,5.274671803
CsTaLaInO6,Cs,Ta,La,In,5.0390088010000005
CsTaLiTaO6,Cs,Ta,Li,Ta,3.91261728
CsTaLiVO6,Cs,Ta,Li,V,2.351802857
CsTaMgTiO6,Cs,Ta,Mg,Ti,3.791325966
CsTaMgZrO6,Cs,Ta,Mg,Zr,5.85854129
CsTaNaNbO6,Cs,Ta,Na,Nb,3.3753151760000004
CsTaNaSbO6,Cs,Ta,Na,Sb,3.85601142
CsTaNaVO6,Cs,Ta,Na,V,2.0949465
CsTaPbHfO6,Cs,Ta,Pb,Hf,4.840162189
CsTaPbTiO6,Cs,Ta,Pb,Ti,3.4414016419999998
CsTaPbZrO6,Cs,Ta,Pb,Zr,4.867170086000001
CsTaRbNbO6,Cs,Ta,Rb,Nb,3.239810056
CsTaSnTiO6,Cs,Ta,Sn,Ti,3.0666374760000004
CsTaSnZrO6,Cs,Ta,Sn,Zr,4.550292742
CsTaSrGeO6,Cs,Ta,Sr,Ge,3.981506845
CsTaSrSiO6,Cs,Ta,Sr,Si,4.170938456
CsTaSrSnO6,Cs,Ta,Sr,Sn,4.909403889
CsTaSrTiO6,Cs,Ta,Sr,Ti,3.5060112269999997
CsTaSrZrO6,Cs,Ta,Sr,Zr,4.95376077
CsTaTlNbO6,Cs,Ta,Tl,Nb,2.2777219090000003
CsTaTlTaO6,Cs,Ta,Tl,Ta,2.209663313
CsTaYAlO6,Cs,Ta,Y,Al,4.67918643
CsVBaSnO6,Cs,V,Ba,Sn,2.072447249
CsVCaGeO6,Cs,V,Ca,Ge,1.5405812159999999
CsVCaSiO6,Cs,V,Ca,Si,1.083685684
CsVCaSnO6,Cs,V,Ca,Sn,1.7975164380000002
CsVCaTiO6,Cs,V,Ca,Ti,2.424146688
CsVGaNbO6,Cs,V,Ga,Nb,0.725860475
CsVGaTaO6,Cs,V,Ga,Ta,0.42741720899999996
CsVKSbO6,Cs,V,K,Sb,1.53383603
CsVLaAlO6,Cs,V,La,Al,1.6171533280000001
CsVLaInO6,Cs,V,La,In,2.385279742
CsVLiVO6,Cs,V,Li,V,1.6760478719999998
CsVMgZrO6,Cs,V,Mg,Zr,2.234714469
CsVNaSbO6,Cs,V,Na,Sb,1.663055524
CsVNaVO6,Cs,V,Na,V,1.695828684
CsVPbTiO6,Cs,V,Pb,Ti,2.173707247
CsVSnTiO6,Cs,V,Sn,Ti,1.5316494090000001
CsVSrGeO6,Cs,V,Sr,Ge,1.535642736
CsVSrSiO6,Cs,V,Sr,Si,1.081372328
CsVSrSnO6,Cs,V,Sr,Sn,2.126154005
CsVSrTiO6,Cs,V,Sr,Ti,2.4028262209999998
CsVTlTaO6,Cs,V,Tl,Ta,1.04242215
GaNbAgNbO6,Ga,Nb,Ag,Nb,1.455146082
GaNbBaSnO6,Ga,Nb,Ba,Sn,3.13985473
GaNbBaTiO6,Ga,Nb,Ba,Ti,1.8449057519999998
GaNbCaGeO6,Ga,Nb,Ca,Ge,2.128865476
GaNbCaSiO6,Ga,Nb,Ca,Si,1.379197283
GaNbCaSnO6,Ga,Nb,Ca,Sn,1.843996924
GaNbCaTiO6,Ga,Nb,Ca,Ti,1.4645545119999999
GaNbLaAlO6,Ga,Nb,La,Al,2.126529305
GaNbLaInO6,Ga,Nb,La,In,2.493512245
GaNbNaSbO6,Ga,Nb,Na,Sb,2.154979683
GaNbPbTiO6,Ga,Nb,Pb,Ti,1.5117214959999998
GaNbSrSnO6,Ga,Nb,Sr,Sn,3.271136372
GaNbSrTiO6,Ga,Nb,Sr,Ti,1.487434643
GaNbYAlO6,Ga,Nb,Y,Al,1.671893478
GaTaAgNbO6,Ga,Ta,Ag,Nb,1.784907466
GaTaBaSnO6,Ga,Ta,Ba,Sn,3.486954934
GaTaBaTiO6,Ga,Ta,Ba,Ti,1.8512143890000001
GaTaCaGeO6,Ga,Ta,Ca,Ge,2.9212067210000003
GaTaCaSnO6,Ga,Ta,Ca,Sn,2.563279251
GaTaCaTiO6,Ga,Ta,Ca,Ti,1.842666325
GaTaGaNbO6,Ga,Ta,Ga,Nb,1.4532596580000001
GaTaKSbO6,Ga,Ta,K,Sb,2.3250159669999997
GaTaLaAlO6,Ga,Ta,La,Al,2.910652372
GaTaLaGaO6,Ga,Ta,La,Ga,3.453258672
GaTaLaInO6,Ga,Ta,La,In,3.4252659989999996
GaTaLaScO6,Ga,Ta,La,Sc,3.262926712
GaTaLiNbO6,Ga,Ta,Li,Nb,1.730675149
GaTaMgTiO6,Ga,Ta,Mg,Ti,2.1771204319999997
GaTaMgZrO6,Ga,Ta,Mg,Zr,3.255670251
GaTaNaNbO6,Ga,Ta,Na,Nb,1.73072672
GaTaNaSbO6,Ga,Ta,Na,Sb,2.542490811
GaTaPbTiO6,Ga,Ta,Pb,Ti,1.883185973
GaTaPbZrO6,Ga,Ta,Pb,Zr,3.467447345
GaTaRbNbO6,Ga,Ta,Rb,Nb,1.714869864
GaTaSnTiO6,Ga,Ta,Sn,Ti,1.835986128
GaTaSrGeO6,Ga,Ta,Sr,Ge,2.7335598589999996
GaTaSrSnO6,Ga,Ta,Sr,Sn,3.714192995
GaTaSrTiO6,Ga,Ta,Sr,Ti,1.855608911
GaTaYAlO6,Ga,Ta,Y,Al,2.555522585
GeTiAgTaO6,Ge,Ti,Ag,Ta,3.419571663
GeTiBaHfO6,Ge,Ti,Ba,Hf,4.160952852
GeTiBaTiO6,Ge,Ti,Ba,Ti,3.190106777
GeTiBaZrO6,Ge,Ti,Ba,Zr,4.148723815
GeTiCaGeO6,Ge,Ti,Ca,Ge,3.248836082
GeTiCaHfO6,Ge,Ti,Ca,Hf,3.8852938530000003
GeTiCaSiO6,Ge,Ti,Ca,Si,3.563046045
GeTiCaSnO6,Ge,Ti,Ca,Sn,3.331224808
GeTiCaTiO6,Ge,Ti,Ca,Ti,3.0079969419999997
GeTiCaZrO6,Ge,Ti,Ca,Zr,3.893225008
GeTiCsNbO6,Ge,Ti,Cs,Nb,3.02429532
GeTiCsVO6,Ge,Ti,Cs,V,1.834517323
GeTiGaNbO6,Ge,Ti,Ga,Nb,1.797455269
GeTiGaTaO6,Ge,Ti,Ga,Ta,2.269047123
GeTiInNbO6,Ge,Ti,In,Nb,0.9890265890000001
GeTiInTaO6,Ge,Ti,In,Ta,1.143574754
GeTiKNbO6,Ge,Ti,K,Nb,2.948122057
GeTiKSbO6,Ge,Ti,K,Sb,3.049450929
GeTiKTaO6,Ge,Ti,K,Ta,3.408221117
GeTiLaGaO6,Ge,Ti,La,Ga,3.822508306
GeTiLaInO6,Ge,Ti,La,In,3.725860364
GeTiLaScO6,Ge,Ti,La,Sc,4.188933802
GeTiLiNbO6,Ge,Ti,Li,Nb,2.90126163
GeTiLiTaO6,Ge,Ti,Li,Ta,3.43696678
GeTiLiVO6,Ge,Ti,Li,V,1.4303277209999998
GeTiNaNbO6,Ge,Ti,Na,Nb,2.7679009189999997
GeTiNaSbO6,Ge,Ti,Na,Sb,3.04215647
GeTiNaTaO6,Ge,Ti,Na,Ta,3.398923557
GeTiNaVO6,Ge,Ti,Na,V,1.463812125
GeTiPbHfO6,Ge,Ti,Pb,Hf,4.156892394
GeTiPbTiO6,Ge,Ti,Pb,Ti,3.584303518
GeTiPbZrO6,Ge,Ti,Pb,Zr,4.235235964
GeTiRbNbO6,Ge,Ti,Rb,Nb,2.910860625
GeTiRbTaO6,Ge,Ti,Rb,Ta,3.33362419
GeTiSnHfO6,Ge,Ti,Sn,Hf,3.8611687110000004
GeTiSnTiO6,Ge,Ti,Sn,Ti,2.7419818639999995
GeTiSnZrO6,Ge,Ti,Sn,Zr,3.5763586010000004
GeTiSrGeO6,Ge,Ti,Sr,Ge,3.3395687080000003
GeTiSrHfO6,Ge,Ti,Sr,Hf,4.184483885
GeTiSrSiO6,Ge,Ti,Sr,Si,3.520429543
GeTiSrSnO6,Ge,Ti,Sr,Sn,3.597625931
GeTiSrTiO6,Ge,Ti,Sr,Ti,3.093917255
GeTiSrZrO6,Ge,Ti,Sr,Zr,4.1256366810000005
GeTiTlNbO6,Ge,Ti,Tl,Nb,2.289670031
GeTiTlTaO6,Ge,Ti,Tl,Ta,2.508634061
GeTiYAlO6,Ge,Ti,Y,Al,3.7010891960000003
InNbBaSnO6,In,Nb,Ba,Sn,1.66922478
InNbCaGeO6,In,Nb,Ca,Ge,0.796683747
InNbCaSnO6,In,Nb,Ca,Sn,1.90683703
InNbGaNbO6,In,Nb,Ga,Nb,0.128888784
InNbLaAlO6,In,Nb,La,Al,0.82273265
InNbLaGaO6,In,Nb,La,Ga,1.15967416
InNbLaInO6,In,Nb,La,In,1.7453502490000001
InNbLiNbO6,In,Nb,Li,Nb,0.292528091
InNbMgTiO6,In,Nb,Mg,Ti,1.1519895470000001
InNbMgZrO6,In,Nb,Mg,Zr,1.268264192
InNbSrGeO6,In,Nb,Sr,Ge,0.7814104820000001
InNbYAlO6,In,Nb,Y,Al,0.63471935
InTaBaSnO6,In,Ta,Ba,Sn,1.9097820680000002
InTaCaGeO6,In,Ta,Ca,Ge,1.1276207329999999
InTaCaSnO6,In,Ta,Ca,Sn,1.237723535
InTaLaAlO6,In,Ta,La,Al,1.498605746
InTaLaInO6,In,Ta,La,In,2.261798705
InTaLaScO6,In,Ta,La,Sc,2.234428288
InTaNaSbO6,In,Ta,Na,Sb,0.8181050990000001
InTaPbHfO6,In,Ta,Pb,Hf,2.199561857
InTaPbZrO6,In,Ta,Pb,Zr,2.166244692
InTaSnHfO6,In,Ta,Sn,Hf,2.150852251
InTaSnZrO6,In,Ta,Sn,Zr,2.123350206
InTaSrSnO6,In,Ta,Sr,Sn,2.094100616
InTaYAlO6,In,Ta,Y,Al,1.302498436
KNbAgNbO6,K,Nb,Ag,Nb,3.0623012089999997
KNbBaSnO6,K,Nb,Ba,Sn,4.749720638
KNbBaTiO6,K,Nb,Ba,Ti,3.8177769969999997
KNbCaSiO6,K,Nb,Ca,Si,4.0911240960000015
KNbCaSnO6,K,Nb,Ca,Sn,4.597100149
KNbKSbO6,K,Nb,K,Sb,3.900486075
KNbLaGaO6,K,Nb,La,Ga,4.812455616
KNbLaInO6,K,Nb,La,In,4.894367785
KNbLiNbO6,K,Nb,Li,Nb,3.190324442
KNbMgTiO6,K,Nb,Mg,Ti,4.020037277
KNbMgZrO6,K,Nb,Mg,Zr,4.95899481
KNbPbTiO6,K,Nb,Pb,Ti,3.5055019130000002
KNbRbNbO6,K,Nb,Rb,Nb,3.346984265
KNbSnTiO6,K,Nb,Sn,Ti,2.80800255
KNbSrGeO6,K,Nb,Sr,Ge,4.449250085
KNbSrTiO6,K,Nb,Sr,Ti,3.452977088
KNbTlNbO6,K,Nb,Tl,Nb,1.839635631
KNbYAlO6,K,Nb,Y,Al,4.7281547
KSbAgNbO6,K,Sb,Ag,Nb,3.9058389360000003
KSbBaTiO6,K,Sb,Ba,Ti,3.7212624389999998
KSbCaGeO6,K,Sb,Ca,Ge,1.882994929
KSbCaSiO6,K,Sb,Ca,Si,2.7329533180000003
KSbCaTiO6,K,Sb,Ca,Ti,4.271677539
KSbGaNbO6,K,Sb,Ga,Nb,1.9682602230000001
KSbLaAlO6,K,Sb,La,Al,4.319046481
KSbLaGaO6,K,Sb,La,Ga,2.7513271969999997
KSbLaInO6,K,Sb,La,In,3.3688205719999997
KSbLiNbO6,K,Sb,Li,Nb,4.305385483
KSbLiVO6,K,Sb,Li,V,1.8954206669999998
KSbMgTiO6,K,Sb,Mg,Ti,4.604765276
KSbNaVO6,K,Sb,Na,V,1.877171235
KSbPbTiO6,K,Sb,Pb,Ti,3.9677647439999997
KSbRbNbO6,K,Sb,Rb,Nb,3.689934172
KSbSnHfO6,K,Sb,Sn,Hf,4.021699995
KSbSnTiO6,K,Sb,Sn,Ti,3.1310827110000004
KSbSrSnO6,K,Sb,Sr,Sn,1.629370353
KSbSrTiO6,K,Sb,Sr,Ti,4.049643271
KSbYAlO6,K,Sb,Y,Al,4.558409892
KTaAgNbO6,K,Ta,Ag,Nb,3.4332256460000004
KTaBaSnO6,K,Ta,Ba,Sn,5.196457856
KTaBaTiO6,K,Ta,Ba,Ti,3.753540391
KTaCaGeO6,K,Ta,Ca,Ge,5.429801846
KTaCaHfO6,K,Ta,Ca,Hf,5.46520753
KTaCaSnO6,K,Ta,Ca,Sn,5.221454507
KTaCaTiO6,K,Ta,Ca,Ti,4.251020823
KTaCsNbO6,K,Ta,Cs,Nb,3.294911002
KTaCsVO6,K,Ta,Cs,V,2.274588477
KTaGaNbO6,K,Ta,Ga,Nb,1.72329943
KTaGaTaO6,K,Ta,Ga,Ta,2.2109340790000003
KTaKNbO6,K,Ta,K,Nb,3.448861519
KTaKSbO6,K,Ta,K,Sb,4.372567795
KTaLaAlO6,K,Ta,La,Al,5.379821007
KTaLaGaO6,K,Ta,La,Ga,5.70532802
KTaLaInO6,K,Ta,La,In,5.816215972
KTaLiNbO6,K,Ta,Li,Nb,3.572560671
KTaMgTiO6,K,Ta,Mg,Ti,5.203062127
KTaNaNbO6,K,Ta,Na,Nb,3.540818105
KTaNaTaO6,K,Ta,Na,Ta,4.105232238999999
KTaNaVO6,K,Ta,Na,V,1.977986049
KTaPbHfO6,K,Ta,Pb,Hf,5.212113424
KTaPbTiO6,K,Ta,Pb,Ti,3.9297271310000004
KTaPbZrO6,K,Ta,Pb,Zr,5.116273478
KTaRbNbO6,K,Ta,Rb,Nb,3.385510444
KTaSnHfO6,K,Ta,Sn,Hf,4.123323475
KTaSnTiO6,K,Ta,Sn,Ti,3.1962914710000003
KTaSnZrO6,K,Ta,Sn,Zr,4.092547044
KTaSrGeO6,K,Ta,Sr,Ge,5.134653758
KTaSrSiO6,K,Ta,Sr,Si,5.004405535
KTaSrTiO6,K,Ta,Sr,Ti,3.877403015
KTaSrZrO6,K,Ta,Sr,Zr,5.0618042469999995
KTaTlNbO6,K,Ta,Tl,Nb,1.760505571
KTaTlTaO6,K,Ta,Tl,Ta,2.244292146
KTaYAlO6,K,Ta,Y,Al,5.733834897
LaAlLaGaO6,La,Al,La,Ga,6.766541856
LaAlSnTiO6,La,Al,Sn,Ti,3.452664382
LaAlYAlO6,La,Al,Y,Al,7.493232168
LaGaLaInO6,La,Ga,La,In,5.091140900000001
LaGaMgTiO6,La,Ga,Mg,Ti,5.244393485
LaGaYAlO6,La,Ga,Y,Al,6.95217569
LaInMgTiO6,La,In,Mg,Ti,5.177625765
LaInSnTiO6,La,In,Sn,Ti,3.324618535
LaInYAlO6,La,In,Y,Al,6.125274178
LaScAgTaO6,La,Sc,Ag,Ta,5.009320756
LaScBaSnO6,La,Sc,Ba,Sn,6.7878788860000006
LaScBaTiO6,La,Sc,Ba,Ti,5.052614065
LaScCaGeO6,La,Sc,Ca,Ge,7.230272945
LaScCaSiO6,La,Sc,Ca,Si,7.136365745
LaScCsNbO6,La,Sc,Cs,Nb,4.414961176
LaScCsVO6,La,Sc,Cs,V,2.104586049
LaScGaNbO6,La,Sc,Ga,Nb,2.4390440719999997
LaScKNbO6,La,Sc,K,Nb,4.8192764619999995
LaScLaGaO6,La,Sc,La,Ga,6.065509156
LaScLiNbO6,La,Sc,Li,Nb,4.815912181
LaScMgTiO6,La,Sc,Mg,Ti,5.328311049
LaScMgZrO6,La,Sc,Mg,Zr,7.318121813999999
LaScNaSbO6,La,Sc,Na,Sb,6.025996426
LaScPbHfO6,La,Sc,Pb,Hf,5.582233225
LaScPbZrO6,La,Sc,Pb,Zr,5.69255743
LaScSnHfO6,La,Sc,Sn,Hf,5.1449751930000005
LaScSnTiO6,La,Sc,Sn,Ti,3.53219192
LaScSnZrO6,La,Sc,Sn,Zr,5.033477645
LaScSrGeO6,La,Sc,Sr,Ge,7.046287532000001
LaScSrHfO6,La,Sc,Sr,Hf,7.331300549
LaScSrSiO6,La,Sc,Sr,Si,7.056130171
LaScSrSnO6,La,Sc,Sr,Sn,6.589774789
LaScSrTiO6,La,Sc,Sr,Ti,5.102706272
LaScSrZrO6,La,Sc,Sr,Zr,7.0931818610000015
LaScTlNbO6,La,Sc,Tl,Nb,2.9382219380000003
LaScTlTaO6,La,Sc,Tl,Ta,3.672398617
LaScYAlO6,La,Sc,Y,Al,7.503217509
LiNbAgNbO6,Li,Nb,Ag,Nb,3.196015637
LiNbCaGeO6,Li,Nb,Ca,Ge,4.659391641
LiNbCaSiO6,Li,Nb,Ca,Si,4.303741955
LiNbCaSnO6,Li,Nb,Ca,Sn,4.816024988000001
LiNbCaTiO6,Li,Nb,Ca,Ti,3.6474952760000003
LiNbLaGaO6,Li,Nb,La,Ga,4.680252029
LiNbLaInO6,Li,Nb,La,In,4.789109121
LiNbMgTiO6,Li,Nb,Mg,Ti,5.184540584
LiNbSnTiO6,Li,Nb,Sn,Ti,2.791704414
LiNbSrGeO6,Li,Nb,Sr,Ge,4.595673331
LiNbSrSnO6,Li,Nb,Sr,Sn,5.081040725
LiNbYAlO6,Li,Nb,Y,Al,5.004391786
LiTaAgNbO6,Li,Ta,Ag,Nb,3.554134478
LiTaAgTaO6,Li,Ta,Ag,Ta,4.076533852
LiTaCaGeO6,Li,Ta,Ca,Ge,5.709269761
LiTaCaHfO6,Li,Ta,Ca,Hf,5.736424391
LiTaCaSiO6,Li,Ta,Ca,Si,5.329736032
LiTaCaSnO6,Li,Ta,Ca,Sn,5.380446882999999
LiTaCsNbO6,Li,Ta,Cs,Nb,3.395525567
LiTaCsVO6,Li,Ta,Cs,V,2.5999145230000003
LiTaGaNbO6,Li,Ta,Ga,Nb,1.730549506
LiTaGaTaO6,Li,Ta,Ga,Ta,2.22363242
LiTaKNbO6,Li,Ta,K,Nb,3.572092108
LiTaLaAlO6,Li,Ta,La,Al,5.475204549
LiTaLaInO6,Li,Ta,La,In,5.462839196
LiTaLiNbO6,Li,Ta,Li,Nb,3.784446853
LiTaMgTiO6,Li,Ta,Mg,Ti,5.556495063
LiTaMgZrO6,Li,Ta,Mg,Zr,6.196617848
LiTaNaNbO6,Li,Ta,Na,Nb,3.680948662
LiTaNaTaO6,Li,Ta,Na,Ta,4.252210484
LiTaNaVO6,Li,Ta,Na,V,2.545787213
LiTaPbHfO6,Li,Ta,Pb,Hf,5.216893252
LiTaPbTiO6,Li,Ta,Pb,Ti,4.072581018999999
LiTaPbZrO6,Li,Ta,Pb,Zr,5.087064944
LiTaSnHfO6,Li,Ta,Sn,Hf,4.033662859
LiTaSnTiO6,Li,Ta,Sn,Ti,3.1931040760000005
LiTaSnZrO6,Li,Ta,Sn,Zr,4.001917778999999
LiTaSrGeO6,Li,Ta,Sr,Ge,5.630547119
LiTaSrHfO6,Li,Ta,Sr,Hf,5.270828814
LiTaSrSiO6,Li,Ta,Sr,Si,5.238077372
LiTaSrSnO6,Li,Ta,Sr,Sn,5.96871878
LiTaSrTiO6,Li,Ta,Sr,Ti,4.0146173030000005
LiTaTlNbO6,Li,Ta,Tl,Nb,1.7578734969999998
LiTaTlTaO6,Li,Ta,Tl,Ta,2.248528162
LiTaYAlO6,Li,Ta,Y,Al,6.007036608
LiVAgNbO6,Li,V,Ag,Nb,2.152959222
LiVCaGeO6,Li,V,Ca,Ge,2.638234338
LiVCaSiO6,Li,V,Ca,Si,1.748630683
LiVCaSnO6,Li,V,Ca,Sn,2.2417171590000002
LiVCaTiO6,Li,V,Ca,Ti,3.037879554
LiVCsNbO6,Li,V,Cs,Nb,2.733391795
LiVKNbO6,Li,V,K,Nb,2.205816478
LiVLaAlO6,Li,V,La,Al,2.385917639
LiVLaGaO6,Li,V,La,Ga,2.399066466
LiVLaInO6,Li,V,La,In,2.757312288
LiVMgTiO6,Li,V,Mg,Ti,3.316236372
LiVRbNbO6,Li,V,Rb,Nb,2.267615615
LiVSrSnO6,Li,V,Sr,Sn,2.2064138840000003
LiVTlNbO6,Li,V,Tl,Nb,0.37130887799999995
LiVYAlO6,Li,V,Y,Al,2.263499247
MgTiSnTiO6,Mg,Ti,Sn,Ti,2.321158509
MgTiYAlO6,Mg,Ti,Y,Al,5.332891749
MgZrAgNbO6,Mg,Zr,Ag,Nb,4.547511185
MgZrAgTaO6,Mg,Zr,Ag,Ta,4.931917058
MgZrCaSiO6,Mg,Zr,Ca,Si,7.780486817000001
MgZrCaTiO6,Mg,Zr,Ca,Ti,5.92861799
MgZrLaAlO6,Mg,Zr,La,Al,7.2443065010000005
MgZrLaGaO6,Mg,Zr,La,Ga,6.9721985029999995
MgZrLaInO6,Mg,Zr,La,In,6.202966752999999
MgZrLiVO6,Mg,Zr,Li,V,3.388074816
MgZrMgTiO6,Mg,Zr,Mg,Ti,5.855148192000001
MgZrNaNbO6,Mg,Zr,Na,Nb,5.722109937000001
MgZrNaSbO6,Mg,Zr,Na,Sb,5.816665475
MgZrNaVO6,Mg,Zr,Na,V,3.1757991580000002
MgZrPbHfO6,Mg,Zr,Pb,Hf,5.131563185
MgZrPbTiO6,Mg,Zr,Pb,Ti,4.57721179
MgZrPbZrO6,Mg,Zr,Pb,Zr,5.7039079379999995
MgZrSnHfO6,Mg,Zr,Sn,Hf,4.845414529
MgZrSnTiO6,Mg,Zr,Sn,Ti,3.2852254760000004
MgZrSnZrO6,Mg,Zr,Sn,Zr,4.79223757
MgZrSrGeO6,Mg,Zr,Sr,Ge,5.950811102
MgZrSrSiO6,Mg,Zr,Sr,Si,7.353328806
MgZrSrSnO6,Mg,Zr,Sr,Sn,6.3601859460000005
MgZrSrTiO6,Mg,Zr,Sr,Ti,5.734546456
MgZrTlNbO6,Mg,Zr,Tl,Nb,3.5445790969999997
MgZrTlTaO6,Mg,Zr,Tl,Ta,4.2489012310000005
MgZrYAlO6,Mg,Zr,Y,Al,7.555574901
NaNbCaGeO6,Na,Nb,Ca,Ge,4.62174398
NaNbCaSiO6,Na,Nb,Ca,Si,4.24087257
NaNbCaSnO6,Na,Nb,Ca,Sn,4.925651545
NaNbCaTiO6,Na,Nb,Ca,Ti,4.451940278
NaNbLaAlO6,Na,Nb,La,Al,4.5579704130000005
NaNbLaGaO6,Na,Nb,La,Ga,4.913052241
NaNbLaInO6,Na,Nb,La,In,5.013442147
NaNbLiVO6,Na,Nb,Li,V,2.760541559
NaNbNaVO6,Na,Nb,Na,V,2.7441361210000004
NaNbSrGeO6,Na,Nb,Sr,Ge,4.563114357
NaNbSrSnO6,Na,Nb,Sr,Sn,5.055755556
NaNbSrTiO6,Na,Nb,Sr,Ti,3.546993655
NaSbAgNbO6,Na,Sb,Ag,Nb,4.154201606
NaSbCaSiO6,Na,Sb,Ca,Si,3.8315768689999996
NaSbCaTiO6,Na,Sb,Ca,Ti,4.569549916000001
NaSbLaAlO6,Na,Sb,La,Al,4.720018949
NaSbLaInO6,Na,Sb,La,In,3.909197233
NaSbLiNbO6,Na,Sb,Li,Nb,4.652893468
NaSbMgTiO6,Na,Sb,Mg,Ti,4.3165664139999995
NaSbSnTiO6,Na,Sb,Sn,Ti,3.277038807
NaSbSrGeO6,Na,Sb,Sr,Ge,2.10329495
NaSbSrSiO6,Na,Sb,Sr,Si,2.87021297
NaSbSrSnO6,Na,Sb,Sr,Sn,2.010337533
NaSbSrTiO6,Na,Sb,Sr,Ti,4.337563243
NaSbYAlO6,Na,Sb,Y,Al,5.345071995
NaTaAgNbO6,Na,Ta,Ag,Nb,3.5232437389999998
NaTaAgTaO6,Na,Ta,Ag,Ta,4.048614558
NaTaBaSnO6,Na,Ta,Ba,Sn,5.488531427000001
NaTaBaTiO6,Na,Ta,Ba,Ti,3.8512034710000003
NaTaCaGeO6,Na,Ta,Ca,Ge,5.672504696
NaTaCaSiO6,Na,Ta,Ca,Si,5.285961533
NaTaCaSnO6,Na,Ta,Ca,Sn,5.618239319
NaTaCaTiO6,Na,Ta,Ca,Ti,4.063019945
NaTaCsNbO6,Na,Ta,Cs,Nb,3.37538625
NaTaCsVO6,Na,Ta,Cs,V,2.3630097930000002
NaTaGaNbO6,Na,Ta,Ga,Nb,1.730621385
NaTaKNbO6,Na,Ta,K,Nb,3.540237672
NaTaKSbO6,Na,Ta,K,Sb,4.704438422
NaTaLaGaO6,Na,Ta,La,Ga,5.783047389
NaTaLaInO6,Na,Ta,La,In,5.796447733
NaTaLiNbO6,Na,Ta,Li,Nb,3.6806297189999997
NaTaLiVO6,Na,Ta,Li,V,2.329410389
NaTaMgTiO6,Na,Ta,Mg,Ti,5.507143417000001
NaTaMgZrO6,Na,Ta,Mg,Zr,6.5695688489999995
NaTaNaSbO6,Na,Ta,Na,Sb,5.074337872
NaTaNaVO6,Na,Ta,Na,V,2.169068677
NaTaPbHfO6,Na,Ta,Pb,Hf,5.305299178
NaTaPbTiO6,Na,Ta,Pb,Ti,4.039463554
NaTaPbZrO6,Na,Ta,Pb,Zr,5.216403865
NaTaRbNbO6,Na,Ta,Rb,Nb,3.4800145689999997
NaTaSnHfO6,Na,Ta,Sn,Hf,3.914535872
NaTaSnTiO6,Na,Ta,Sn,Ti,3.195873205
NaTaSnZrO6,Na,Ta,Sn,Zr,3.898925658
NaTaSrGeO6,Na,Ta,Sr,Ge,5.506571885
NaTaSrSiO6,Na,Ta,Sr,Si,5.199998746
NaTaSrSnO6,Na,Ta,Sr,Sn,5.861567096
NaTaSrTiO6,Na,Ta,Sr,Ti,3.984039403
NaTaSrZrO6,Na,Ta,Sr,Zr,5.1503266210000005
NaTaTlNbO6,Na,Ta,Tl,Nb,1.759992136
NaTaTlTaO6,Na,Ta,Tl,Ta,2.248121897
NaTaYAlO6,Na,Ta,Y,Al,5.979767534
NaVAgNbO6,Na,V,Ag,Nb,2.024041846
NaVCaGeO6,Na,V,Ca,Ge,2.0404105269999997
NaVCaSiO6,Na,V,Ca,Si,1.556374115
NaVCaTiO6,Na,V,Ca,Ti,2.748175665
NaVKNbO6,Na,V,K,Nb,2.30764797
NaVLaAlO6,Na,V,La,Al,2.104043702
NaVLaGaO6,Na,V,La,Ga,2.327056312
NaVLaInO6,Na,V,La,In,2.544322997
NaVLiNbO6,Na,V,Li,Nb,2.81010926
NaVLiVO6,Na,V,Li,V,1.7829642019999998
NaVMgTiO6,Na,V,Mg,Ti,2.9754849119999998
NaVRbNbO6,Na,V,Rb,Nb,2.345476269
NaVSrGeO6,Na,V,Sr,Ge,1.851035372
NaVSrSiO6,Na,V,Sr,Si,1.5485479009999998
NaVSrSnO6,Na,V,Sr,Sn,2.194622653
NaVSrTiO6,Na,V,Sr,Ti,2.0539659340000003
NaVTlNbO6,Na,V,Tl,Nb,0.48533037
PbHfAgNbO6,Pb,Hf,Ag,Nb,4.224152118
PbHfBaSnO6,Pb,Hf,Ba,Sn,5.867489513
PbHfBaTiO6,Pb,Hf,Ba,Ti,4.715173396
PbHfCaGeO6,Pb,Hf,Ca,Ge,5.4388718639999984
PbHfCaTiO6,Pb,Hf,Ca,Ti,4.381883728
PbHfGaNbO6,Pb,Hf,Ga,Nb,2.729158284
PbHfInNbO6,Pb,Hf,In,Nb,1.4911185269999998
PbHfKNbO6,Pb,Hf,K,Nb,4.3474204610000005
PbHfKSbO6,Pb,Hf,K,Sb,5.483723222999999
PbHfLaInO6,Pb,Hf,La,In,5.39337693
PbHfLiNbO6,Pb,Hf,Li,Nb,4.317254424
PbHfLiVO6,Pb,Hf,Li,V,1.971901666
PbHfMgTiO6,Pb,Hf,Mg,Ti,4.089321614
PbHfNaNbO6,Pb,Hf,Na,Nb,4.135896987
PbHfNaSbO6,Pb,Hf,Na,Sb,5.76696615
PbHfNaVO6,Pb,Hf,Na,V,1.9634334999999998
PbHfPbTiO6,Pb,Hf,Pb,Ti,4.510073988
PbHfPbZrO6,Pb,Hf,Pb,Zr,5.083910042
PbHfRbNbO6,Pb,Hf,Rb,Nb,4.294597438
PbHfSnHfO6,Pb,Hf,Sn,Hf,4.399268884
PbHfSnTiO6,Pb,Hf,Sn,Ti,3.97386115
PbHfSnZrO6,Pb,Hf,Sn,Zr,4.38249106
PbHfSrGeO6,Pb,Hf,Sr,Ge,6.239783015
PbHfSrSnO6,Pb,Hf,Sr,Sn,5.969245121
PbHfSrTiO6,Pb,Hf,Sr,Ti,4.511809568
PbHfTlNbO6,Pb,Hf,Tl,Nb,2.759636618
PbHfTlTaO6,Pb,Hf,Tl,Ta,3.5201761389999997
PbTiAgNbO6,Pb,Ti,Ag,Nb,3.374084532
PbTiBaSnO6,Pb,Ti,Ba,Sn,4.748196307
PbTiBaTiO6,Pb,Ti,Ba,Ti,3.64716967
PbTiCaSiO6,Pb,Ti,Ca,Si,3.6168925819999997
PbTiCaSnO6,Pb,Ti,Ca,Sn,3.866511669
PbTiCaTiO6,Pb,Ti,Ca,Ti,3.7596364419999997
PbTiLaAlO6,Pb,Ti,La,Al,4.438175554
PbTiLaGaO6,Pb,Ti,La,Ga,4.949207085
PbTiLaInO6,Pb,Ti,La,In,4.37995343
PbTiLiVO6,Pb,Ti,Li,V,1.564150221
PbTiMgTiO6,Pb,Ti,Mg,Ti,3.54079145
PbTiNaNbO6,Pb,Ti,Na,Nb,3.603454802
PbTiNaSbO6,Pb,Ti,Na,Sb,4.20100595
PbTiNaVO6,Pb,Ti,Na,V,2.078686619
PbTiSrSiO6,Pb,Ti,Sr,Si,3.6395107230000003
PbTiSrTiO6,Pb,Ti,Sr,Ti,3.7540548639999995
PbTiTlNbO6,Pb,Ti,Tl,Nb,2.253986807
PbZrAgNbO6,Pb,Zr,Ag,Nb,4.166115284
PbZrBaSnO6,Pb,Zr,Ba,Sn,5.7961482470000005
PbZrBaTiO6,Pb,Zr,Ba,Ti,4.688502615
PbZrCaGeO6,Pb,Zr,Ca,Ge,6.26137224
PbZrCaSiO6,Pb,Zr,Ca,Si,6.062284869
PbZrCaSnO6,Pb,Zr,Ca,Sn,5.978942608
PbZrCaTiO6,Pb,Zr,Ca,Ti,4.347411697
PbZrCsVO6,Pb,Zr,Cs,V,2.327454613
PbZrInNbO6,Pb,Zr,In,Nb,1.5022953630000002
PbZrKSbO6,Pb,Zr,K,Sb,5.411015669
PbZrLaAlO6,Pb,Zr,La,Al,6.1230850310000005
PbZrLaGaO6,Pb,Zr,La,Ga,5.792527132999999
PbZrLaInO6,Pb,Zr,La,In,5.413060914
PbZrLiNbO6,Pb,Zr,Li,Nb,4.322954385
PbZrLiVO6,Pb,Zr,Li,V,1.984307728
PbZrMgTiO6,Pb,Zr,Mg,Ti,4.199383995
PbZrNaNbO6,Pb,Zr,Na,Nb,4.26853485
PbZrNaVO6,Pb,Zr,Na,V,1.975980895
PbZrPbTiO6,Pb,Zr,Pb,Ti,4.486692552
PbZrSnHfO6,Pb,Zr,Sn,Hf,4.382511212
PbZrSnTiO6,Pb,Zr,Sn,Ti,3.967840494
PbZrSnZrO6,Pb,Zr,Sn,Zr,4.3726229839999995
PbZrSrGeO6,Pb,Zr,Sr,Ge,6.143619812000001
PbZrSrSiO6,Pb,Zr,Sr,Si,6.047798161
PbZrSrSnO6,Pb,Zr,Sr,Sn,5.9098170460000015
PbZrSrTiO6,Pb,Zr,Sr,Ti,4.782362473
PbZrTlNbO6,Pb,Zr,Tl,Nb,2.769123763
PbZrYAlO6,Pb,Zr,Y,Al,5.5806835239999995
RbNbAgNbO6,Rb,Nb,Ag,Nb,3.000554212
RbNbBaSnO6,Rb,Nb,Ba,Sn,4.582478857
RbNbBaTiO6,Rb,Nb,Ba,Ti,3.825994961
RbNbCaSiO6,Rb,Nb,Ca,Si,3.9618335989999998
RbNbCaTiO6,Rb,Nb,Ca,Ti,3.4646062860000004
RbNbGaNbO6,Rb,Nb,Ga,Nb,1.501461081
RbNbLaGaO6,Rb,Nb,La,Ga,4.739790941
RbNbLaInO6,Rb,Nb,La,In,4.788646563
RbNbMgTiO6,Rb,Nb,Mg,Ti,3.9122560219999998
RbNbNaNbO6,Rb,Nb,Na,Nb,3.104351528
RbNbNaSbO6,Rb,Nb,Na,Sb,4.0013962560000005
RbNbSnTiO6,Rb,Nb,Sn,Ti,2.827129685
RbNbSnZrO6,Rb,Nb,Sn,Zr,3.402918374
RbNbSrGeO6,Rb,Nb,Sr,Ge,4.380221184
RbNbSrSiO6,Rb,Nb,Sr,Si,3.912411102
RbNbSrSnO6,Rb,Nb,Sr,Sn,4.8666657739999994
RbNbSrTiO6,Rb,Nb,Sr,Ti,3.4044904110000003
RbNbTlNbO6,Rb,Nb,Tl,Nb,1.926609234
RbNbTlTaO6,Rb,Nb,Tl,Ta,1.7557722180000002
RbNbYAlO6,Rb,Nb,Y,Al,4.581560313
RbTaAgNbO6,Rb,Ta,Ag,Nb,3.3722589999999997
RbTaAgTaO6,Rb,Ta,Ag,Ta,3.912786912
RbTaBaSnO6,Rb,Ta,Ba,Sn,5.005447926
RbTaBaTiO6,Rb,Ta,Ba,Ti,3.7254611810000013
RbTaCaGeO6,Rb,Ta,Ca,Ge,5.172654926
RbTaCaHfO6,Rb,Ta,Ca,Hf,5.344751259
RbTaCaSiO6,Rb,Ta,Ca,Si,5.0099837019999995
RbTaCaTiO6,Rb,Ta,Ca,Ti,4.15025041
RbTaCaZrO6,Rb,Ta,Ca,Zr,5.289425231
RbTaCsNbO6,Rb,Ta,Cs,Nb,3.244169484
RbTaCsVO6,Rb,Ta,Cs,V,2.256230932
RbTaGaNbO6,Rb,Ta,Ga,Nb,1.714926982
RbTaGaTaO6,Rb,Ta,Ga,Ta,2.197091366
RbTaKNbO6,Rb,Ta,K,Nb,3.3853571469999997
RbTaKSbO6,Rb,Ta,K,Sb,4.1381932410000015
RbTaLaAlO6,Rb,Ta,La,Al,5.3503708969999995
RbTaLaGaO6,Rb,Ta,La,Ga,5.68309794
RbTaLaInO6,Rb,Ta,La,In,5.659890797
RbTaLaScO6,Rb,Ta,La,Sc,5.569235185
RbTaLiNbO6,Rb,Ta,Li,Nb,3.503887171
RbTaMgTiO6,Rb,Ta,Mg,Ti,5.087929236
RbTaMgZrO6,Rb,Ta,Mg,Zr,6.155481471
RbTaNaSbO6,Rb,Ta,Na,Sb,4.486824192
RbTaNaTaO6,Rb,Ta,Na,Ta,4.032147769
RbTaNaVO6,Rb,Ta,Na,V,1.9924314840000001
RbTaPbHfO6,Rb,Ta,Pb,Hf,5.152195244
RbTaPbTiO6,Rb,Ta,Pb,Ti,3.8639663539999995
RbTaPbZrO6,Rb,Ta,Pb,Zr,5.061727768
RbTaRbNbO6,Rb,Ta,Rb,Nb,3.324907538
RbTaSnHfO6,Rb,Ta,Sn,Hf,4.788507051
RbTaSnTiO6,Rb,Ta,Sn,Ti,3.187687673
RbTaSnZrO6,Rb,Ta,Sn,Zr,4.738259487
RbTaSrGeO6,Rb,Ta,Sr,Ge,4.8866058610000005
RbTaSrHfO6,Rb,Ta,Sr,Hf,5.1017173510000005
RbTaSrSiO6,Rb,Ta,Sr,Si,4.925639137
RbTaSrTiO6,Rb,Ta,Sr,Ti,3.8204170260000003
RbTaSrZrO6,Rb,Ta,Sr,Zr,5.004836343
RbTaTlNbO6,Rb,Ta,Tl,Nb,1.755690239
RbTaYAlO6,Rb,Ta,Y,Al,5.611690741
SnHfAgNbO6,Sn,Hf,Ag,Nb,3.209983605
SnHfBaTiO6,Sn,Hf,Ba,Ti,4.117569876
SnHfCaGeO6,Sn,Hf,Ca,Ge,4.190195999
SnHfCaSiO6,Sn,Hf,Ca,Si,4.879451562
SnHfCaSnO6,Sn,Hf,Ca,Sn,3.946579171
SnHfCsVO6,Sn,Hf,Cs,V,1.553908766
SnHfGaNbO6,Sn,Hf,Ga,Nb,2.680932059
SnHfGaTaO6,Sn,Hf,Ga,Ta,3.434604475
SnHfInNbO6,Sn,Hf,In,Nb,1.463743255
SnHfLaAlO6,Sn,Hf,La,Al,4.926783336000001
SnHfLaGaO6,Sn,Hf,La,Ga,4.783226641000001
SnHfLaInO6,Sn,Hf,La,In,4.45984096
SnHfLiNbO6,Sn,Hf,Li,Nb,3.257029919
SnHfLiVO6,Sn,Hf,Li,V,0.650198371
SnHfMgTiO6,Sn,Hf,Mg,Ti,3.126042499
SnHfNaNbO6,Sn,Hf,Na,Nb,3.140093285
SnHfNaVO6,Sn,Hf,Na,V,1.4832399490000001
SnHfSnTiO6,Sn,Hf,Sn,Ti,3.527115883
SnHfSnZrO6,Sn,Hf,Sn,Zr,3.970705007
SnHfSrSiO6,Sn,Hf,Sr,Si,4.896460123
SnHfSrSnO6,Sn,Hf,Sr,Sn,5.171032937
SnHfSrTiO6,Sn,Hf,Sr,Ti,4.144891868999999
SnHfTlNbO6,Sn,Hf,Tl,Nb,2.709728065
SnHfYAlO6,Sn,Hf,Y,Al,4.336146837
SnTiYAlO6,Sn,Ti,Y,Al,2.7000368989999997
SnZrAgNbO6,Sn,Zr,Ag,Nb,3.229537258
SnZrBaTiO6,Sn,Zr,Ba,Ti,4.111540315
SnZrCaGeO6,Sn,Zr,Ca,Ge,4.991572731000001
SnZrCaSiO6,Sn,Zr,Ca,Si,4.77896532
SnZrCaSnO6,Sn,Zr,Ca,Sn,5.1263037769999995
SnZrCaTiO6,Sn,Zr,Ca,Ti,3.430578699
SnZrCaZrO6,Sn,Zr,Ca,Zr,4.884594323
SnZrCsVO6,Sn,Zr,Cs,V,1.5799635909999998
SnZrGaNbO6,Sn,Zr,Ga,Nb,2.6795489040000002
SnZrGaTaO6,Sn,Zr,Ga,Ta,3.407617962
SnZrInNbO6,Sn,Zr,In,Nb,1.473774385
SnZrKNbO6,Sn,Zr,K,Nb,4.021001601
SnZrKSbO6,Sn,Zr,K,Sb,4.839100803
SnZrLaAlO6,Sn,Zr,La,Al,4.858929863999999
SnZrLaGaO6,Sn,Zr,La,Ga,4.6920959689999995
SnZrLaInO6,Sn,Zr,La,In,4.4231282819999995
SnZrLiNbO6,Sn,Zr,Li,Nb,3.330009183
SnZrLiVO6,Sn,Zr,Li,V,1.496601007
SnZrNaNbO6,Sn,Zr,Na,Nb,3.218716099
SnZrNaSbO6,Sn,Zr,Na,Sb,4.940578625
SnZrNaVO6,Sn,Zr,Na,V,1.5071606709999998
SnZrPbTiO6,Sn,Zr,Pb,Ti,3.968205092
SnZrSnTiO6,Sn,Zr,Sn,Ti,3.745150863
SnZrSrGeO6,Sn,Zr,Sr,Ge,5.012190275
SnZrSrSiO6,Sn,Zr,Sr,Si,4.7929904180000005
SnZrSrSnO6,Sn,Zr,Sr,Sn,5.135155814
SnZrSrTiO6,Sn,Zr,Sr,Ti,4.137110462
SnZrTlNbO6,Sn,Zr,Tl,Nb,3.199119137
SnZrTlTaO6,Sn,Zr,Tl,Ta,3.711956415
SnZrYAlO6,Sn,Zr,Y,Al,4.252384233
SrGeAgNbO6,Sr,Ge,Ag,Nb,4.17527143
SrGeCaSnO6,Sr,Ge,Ca,Sn,3.176619834
SrGeLaAlO6,Sr,Ge,La,Al,5.326796507
SrGeLaGaO6,Sr,Ge,La,Ga,3.461904133
SrGeLaInO6,Sr,Ge,La,In,3.979319695
SrGeLiVO6,Sr,Ge,Li,V,2.036765745
SrGeMgTiO6,Sr,Ge,Mg,Ti,5.0575547169999995
SrGeSnTiO6,Sr,Ge,Sn,Ti,3.278589306
SrGeYAlO6,Sr,Ge,Y,Al,5.805413062
SrHfAgTaO6,Sr,Hf,Ag,Ta,4.200189633
SrHfBaSnO6,Sr,Hf,Ba,Sn,6.263415327000001
SrHfBaTiO6,Sr,Hf,Ba,Ti,4.710168434
SrHfCaGeO6,Sr,Hf,Ca,Ge,6.746283956
SrHfCaSiO6,Sr,Hf,Ca,Si,7.294961255
SrHfCaSnO6,Sr,Hf,Ca,Sn,6.436087606
SrHfCsNbO6,Sr,Hf,Cs,Nb,4.252232394
SrHfCsVO6,Sr,Hf,Cs,V,1.9254125340000001
SrHfGaNbO6,Sr,Hf,Ga,Nb,2.752638628
SrHfInNbO6,Sr,Hf,In,Nb,1.4727876709999999
SrHfInTaO6,Sr,Hf,In,Ta,2.142406138
SrHfKSbO6,Sr,Hf,K,Sb,5.652959022
SrHfLaAlO6,Sr,Hf,La,Al,7.008201642
SrHfLaGaO6,Sr,Hf,La,Ga,7.241445282999999
SrHfLaInO6,Sr,Hf,La,In,6.550766007999999
SrHfLiNbO6,Sr,Hf,Li,Nb,4.705854233
SrHfLiVO6,Sr,Hf,Li,V,1.9717661709999998
SrHfMgZrO6,Sr,Hf,Mg,Zr,7.4747599629999995
SrHfNaNbO6,Sr,Hf,Na,Nb,4.417036691
SrHfNaVO6,Sr,Hf,Na,V,1.95911547
SrHfPbHfO6,Sr,Hf,Pb,Hf,5.9132163160000015
SrHfPbTiO6,Sr,Hf,Pb,Ti,4.806805346
SrHfPbZrO6,Sr,Hf,Pb,Zr,5.85190613
SrHfRbNbO6,Sr,Hf,Rb,Nb,4.283633554
SrHfSnHfO6,Sr,Hf,Sn,Hf,5.167009671000001
SrHfSnTiO6,Sr,Hf,Sn,Ti,3.490516735
SrHfSrGeO6,Sr,Hf,Sr,Ge,6.492423051
SrHfSrSnO6,Sr,Hf,Sr,Sn,6.398151682999999
SrHfSrTiO6,Sr,Hf,Sr,Ti,4.808535196
SrHfSrZrO6,Sr,Hf,Sr,Zr,6.5874995489999995
SrHfTlNbO6,Sr,Hf,Tl,Nb,2.7899677389999997
SrSiAgNbO6,Sr,Si,Ag,Nb,3.7351562210000004
SrSiCaGeO6,Sr,Si,Ca,Ge,3.5918190819999998
SrSiCaSnO6,Sr,Si,Ca,Sn,3.879590944
SrSiCaTiO6,Sr,Si,Ca,Ti,4.490676552
SrSiLaAlO6,Sr,Si,La,Al,7.781253229
SrSiLaGaO6,Sr,Si,La,Ga,5.025059286
SrSiLaInO6,Sr,Si,La,In,5.1817765
SrSiLiNbO6,Sr,Si,Li,Nb,4.200926152
SrSiLiVO6,Sr,Si,Li,V,1.55928847
SrSiMgTiO6,Sr,Si,Mg,Ti,5.003049204
SrSiSnTiO6,Sr,Si,Sn,Ti,2.61479547
SrSiSrGeO6,Sr,Si,Sr,Ge,3.06110138
SrSiSrSnO6,Sr,Si,Sr,Sn,3.529644563
SrSiSrTiO6,Sr,Si,Sr,Ti,4.387038008
SrSiYAlO6,Sr,Si,Y,Al,8.103995713
SrSnAgNbO6,Sr,Sn,Ag,Nb,4.236154672
SrSnCaGeO6,Sr,Sn,Ca,Ge,2.579727765
SrSnCaSnO6,Sr,Sn,Ca,Sn,3.6979278019999997
SrSnCaTiO6,Sr,Sn,Ca,Ti,4.770072455
SrSnLaAlO6,Sr,Sn,La,Al,5.552495552999999
SrSnMgTiO6,Sr,Sn,Mg,Ti,5.1516808030000005
SrSnSnTiO6,Sr,Sn,Sn,Ti,4.2889634469999995
SrSnSrGeO6,Sr,Sn,Sr,Ge,2.299718075
SrSnSrTiO6,Sr,Sn,Sr,Ti,5.121862654
SrSnYAlO6,Sr,Sn,Y,Al,5.559431157000001
SrTiAgNbO6,Sr,Ti,Ag,Nb,3.339764295
SrTiCaGeO6,Sr,Ti,Ca,Ge,4.897520596000001
SrTiCaSiO6,Sr,Ti,Ca,Si,4.487936065
SrTiCaSnO6,Sr,Ti,Ca,Sn,4.770601938
SrTiLaAlO6,Sr,Ti,La,Al,4.975239684
SrTiLaGaO6,Sr,Ti,La,Ga,5.29666036
SrTiLaInO6,Sr,Ti,La,In,5.292661823
SrTiLiNbO6,Sr,Ti,Li,Nb,3.574708867
SrTiSrGeO6,Sr,Ti,Sr,Ge,4.676873549
SrTiYAlO6,Sr,Ti,Y,Al,5.292063377
SrZrBaSnO6,Sr,Zr,Ba,Sn,6.427321329
SrZrCaGeO6,Sr,Zr,Ca,Ge,6.2009406989999984
SrZrCaSiO6,Sr,Zr,Ca,Si,6.823548556
SrZrCaSnO6,Sr,Zr,Ca,Sn,6.727992177999999
SrZrCaTiO6,Sr,Zr,Ca,Ti,5.064483253
SrZrCsNbO6,Sr,Zr,Cs,Nb,4.204970633
SrZrCsVO6,Sr,Zr,Cs,V,2.301070665
SrZrGaNbO6,Sr,Zr,Ga,Nb,2.75034975
SrZrGaTaO6,Sr,Zr,Ga,Ta,3.445174563
SrZrInNbO6,Sr,Zr,In,Nb,1.4805540069999998
SrZrInTaO6,Sr,Zr,In,Ta,2.104380205
SrZrKNbO6,Sr,Zr,K,Nb,4.283561279
SrZrLaGaO6,Sr,Zr,La,Ga,6.999519732
SrZrLaInO6,Sr,Zr,La,In,6.7717408070000005
SrZrLiNbO6,Sr,Zr,Li,Nb,4.959242475
SrZrMgTiO6,Sr,Zr,Mg,Ti,5.717352915
SrZrMgZrO6,Sr,Zr,Mg,Zr,6.943180739
SrZrNaNbO6,Sr,Zr,Na,Nb,4.375144271
SrZrNaSbO6,Sr,Zr,Na,Sb,5.864816808
SrZrPbTiO6,Sr,Zr,Pb,Ti,4.786374901
SrZrRbNbO6,Sr,Zr,Rb,Nb,4.240433077
SrZrSnHfO6,Sr,Zr,Sn,Hf,5.142562912
SrZrSnTiO6,Sr,Zr,Sn,Ti,4.132405402
SrZrSnZrO6,Sr,Zr,Sn,Zr,5.126089659
SrZrSrGeO6,Sr,Zr,Sr,Ge,6.415338434
SrZrSrSiO6,Sr,Zr,Sr,Si,6.767726491
SrZrSrSnO6,Sr,Zr,Sr,Sn,6.667386491
SrZrSrTiO6,Sr,Zr,Sr,Ti,4.765770048
SrZrTlNbO6,Sr,Zr,Tl,Nb,2.796095934
SrZrTlTaO6,Sr,Zr,Tl,Ta,3.494338204
SrZrYAlO6,Sr,Zr,Y,Al,7.46492109
TlNbAgNbO6,Tl,Nb,Ag,Nb,1.8633035359999999
TlNbBaTiO6,Tl,Nb,Ba,Ti,2.22130272
TlNbCaGeO6,Tl,Nb,Ca,Ge,2.121469287
TlNbCaSiO6,Tl,Nb,Ca,Si,1.3590934019999998
TlNbCaSnO6,Tl,Nb,Ca,Sn,3.248956849
TlNbGaNbO6,Tl,Nb,Ga,Nb,1.151941955
TlNbLaAlO6,Tl,Nb,La,Al,2.155799154
TlNbLaInO6,Tl,Nb,La,In,3.075158113
TlNbLiNbO6,Tl,Nb,Li,Nb,1.4381170490000001
TlNbMgTiO6,Tl,Nb,Mg,Ti,1.737647718
TlNbNaNbO6,Tl,Nb,Na,Nb,1.442237178
TlNbSnTiO6,Tl,Nb,Sn,Ti,2.310134428
TlNbSrGeO6,Tl,Nb,Sr,Ge,2.080620924
TlNbSrSnO6,Tl,Nb,Sr,Sn,3.155717175
TlNbSrTiO6,Tl,Nb,Sr,Ti,1.5250192040000001
TlNbTlTaO6,Tl,Nb,Tl,Ta,1.4960190869999999
TlNbYAlO6,Tl,Nb,Y,Al,2.0056878680000003
TlTaAgNbO6,Tl,Ta,Ag,Nb,1.792626623
TlTaAgTaO6,Tl,Ta,Ag,Ta,2.28245774
TlTaBaSnO6,Tl,Ta,Ba,Sn,3.305403
TlTaCaGeO6,Tl,Ta,Ca,Ge,2.6129675690000003
TlTaCaSiO6,Tl,Ta,Ca,Si,2.222111758
TlTaCaSnO6,Tl,Ta,Ca,Sn,3.614900816
TlTaCaTiO6,Tl,Ta,Ca,Ti,1.8626905569999999
TlTaCsNbO6,Tl,Ta,Cs,Nb,2.310062164
TlTaGaNbO6,Tl,Ta,Ga,Nb,1.474210517
TlTaKNbO6,Tl,Ta,K,Nb,1.7609516580000002
TlTaKSbO6,Tl,Ta,K,Sb,2.0733894
TlTaLaAlO6,Tl,Ta,La,Al,2.937475473
TlTaLaGaO6,Tl,Ta,La,Ga,3.420622789
TlTaLaInO6,Tl,Ta,La,In,3.687048868
TlTaLiNbO6,Tl,Ta,Li,Nb,1.7581713780000001
TlTaMgTiO6,Tl,Ta,Mg,Ti,2.451618012
TlTaNaNbO6,Tl,Ta,Na,Nb,1.760295096
TlTaSnHfO6,Tl,Ta,Sn,Hf,3.505613063
TlTaSnTiO6,Tl,Ta,Sn,Ti,1.850789899
TlTaSrGeO6,Tl,Ta,Sr,Ge,2.425121676
TlTaSrSiO6,Tl,Ta,Sr,Si,2.29747616
TlTaSrSnO6,Tl,Ta,Sr,Sn,3.507231154
TlTaSrTiO6,Tl,Ta,Sr,Ti,1.87716885
